id;npu;data_cadastro;data_visualizacao;municipio;id_municipio;uf;id_uf;documento
1;lid down;2025-03-15;2025-03-14;reschedule modulo;26571;archive reboot fooey;21458;../fake-data/blob/hipster.txt
2;equally;2025-03-15;2025-03-15;ouch;14231;needily between;8960;../fake-data/blob/hipster.txt
3;indeed before;2025-03-15;2025-03-15;wherever basket faithfully;1843;consequently evenly sudden;385;../fake-data/blob/hipster.txt
4;ignite duh;2025-03-15;2025-03-14;shush underneath;4710;huzzah;11150;../fake-data/blob/hipster.txt
5;deadly;2025-03-14;2025-03-15;heating drat;30604;fill only;13053;../fake-data/blob/hipster.txt
6;amid tut heavenly;2025-03-15;2025-03-15;phew;5786;likely cross;11836;../fake-data/blob/hipster.txt
7;underachieve astride;2025-03-15;2025-03-15;instead;6979;frilly;18956;../fake-data/blob/hipster.txt
8;and consequently;2025-03-15;2025-03-15;fooey and;24516;nor phew wherever;29158;../fake-data/blob/hipster.txt
9;finer of fluffy;2025-03-14;2025-03-14;transplant;18972;ameliorate an;30859;../fake-data/blob/hipster.txt
10;countess;2025-03-14;2025-03-15;hm;9556;eek ski;22065;../fake-data/blob/hipster.txt
